"","alpha","sig"
"1",-0.0981464374035304,115.824947357588
"2",-0.054406958314894,101.52628428589
"3",-0.0282630179694036,95.1027963583451
"4",0.0765051929641486,53.8089086013173
"5",-0.0899498954807057,103.80789773714
"6",-0.0655493576127029,60.3433920408989
"7",-0.0160654124592768,76.7890814358793
"8",-0.0349831858408956,88.9359659043927
"9",-0.038198759829786,84.5455545091878
"10",-0.0487588484968712,91.0317763680675
"11",0.00464656557684623,65.8633695028471
"12",-0.0244881454821554,64.2644610973788
"13",0.0375861035214813,78.8646101869352
"14",-0.0851950035532886,115.700456576205
"15",-0.0546486604370207,88.6911479640462
"16",0.064363108476158,52.3871562890462
"17",-0.0734966638570308,84.2580772834649
"18",-0.000338117937856022,71.7459485929868
"19",-0.103593405618463,111.897138597952
"20",0.0209408005241268,58.8219561939991
"21",-0.0611347137195711,90.6321729990287
"22",-0.11715983875291,119.407234033848
"23",0.0331426584248034,71.7101202905454
"24",-0.166867569039141,81.2607648840986
"25",-0.0357224990098854,91.9788537089667
"26",-0.0245168152026633,89.3008459433793
"27",-0.0172766878884384,89.0087363385489
"28",-0.0650588196833898,85.7206910089191
"29",0.053134297460012,57.9192781818387
"30",-0.0394068075152114,86.0115186719825
"31",-0.045618884188594,103.565551139056
"32",-0.16796559954036,82.7775046449038
"33",-0.0266474505420508,79.2894922705307
"34",-0.0103153468303126,84.9711877606402
"35",-0.00356379196222204,72.3454367605577
"36",-0.0464549989535161,102.136520122276
"37",-0.0120281962130359,92.1990611586706
