"","alpha","sig"
"1",-0.0981464374035304,115.824947357588
"2",-0.0432536577520644,99.3985534430215
"3",-0.0282630179694036,95.1027963583451
"4",0.0767650049650255,53.6066671706263
"5",-0.0892694121272126,103.656095670869
"6",-0.0642124286107329,60.068024734796
"7",-0.0160654124592768,76.7890814358793
"8",-0.0349831858408956,88.9359659043927
"9",-0.0381987595975109,84.5455544730608
"10",-0.0487588484968712,91.0317763680675
"11",0.00464656557684623,65.8633695028471
"12",-0.0161721670969088,62.9121460381089
"13",0.0375861035214813,78.8646101869352
"14",-0.0797346007797967,114.595024802343
"15",-0.0546486604370207,88.6911479640462
"16",0.064363108476158,52.3871562890462
"17",-0.0734966638570308,84.2580772834649
"18",-0.000338117804906931,71.7459485763013
"19",-0.103593405615056,111.897138603509
"20",0.0209408005241268,58.8219561939991
"21",-0.0611347137195711,90.6321729990287
"22",-0.11715983875291,119.407234033848
"23",0.0470897717643823,69.8920300509057
"24",-0.16137746365306,80.2894669228971
"25",-0.0357224990098854,91.9788537089667
"26",-0.023036822372144,89.0698689474528
"27",-0.0132936284992463,88.3368493597773
"28",-0.0650588196660164,85.7206910074669
"29",0.0552147996720333,57.5883536330093
"30",-0.0247042995847661,83.6083952888442
"31",-0.0447251909050543,103.384165219119
"32",-0.161859146008954,81.7812424295174
"33",-0.0266474505420508,79.2894922705307
"34",-0.00935939880313444,84.7619411081481
"35",-0.0027113801508515,72.2131247144447
"36",-0.0464549989535161,102.136520122276
"37",-0.00331393432013273,90.8000278179419
